,station,netvec,datevec,freq,freqsd,ipi,ipisd,peakcounts,propcounts,all_nseq,monthcount
0,AX,AX,2006-11-01,18.4,0.0,30.5,0.0,0.0,0.0,55.0,14748.0
1,AX,AX,2006-11-01,19.2,0.31137869814,24.5,,1165.0,7.8993761866,55.0,14748.0
2,AX,AX,2006-12-01,19.2,0.339650805866,25.5,0.0,0.0,0.0,75.0,36977.0
3,AX,AX,2007-01-01,19.2,0.332149142565,27.5,0.0,0.0,0.0,123.0,30929.0
4,AX,AX,2007-02-01,19.2,0.309787561237,27.5,,1213.0,6.26873385013,99.0,19350.0
5,AX,AX,2007-03-01,18.4,0.0,32.5,0.0,0.0,0.0,82.0,8488.0
6,AX,AX,2007-03-01,18.8,0.281118133743,28.5,0.0,0.0,0.0,82.0,8488.0
7,AX,AX,2007-11-01,18.8,0.531428960126,34.5,0.0,0.0,0.0,58.0,5899.0
8,AX,AX,2007-11-01,19.2,0.0,32.5,0.0,0.0,0.0,58.0,5899.0
9,AX,AX,2007-11-01,23.6,0.0,27.5,0.0,0.0,0.0,58.0,5899.0
10,AX,AX,2007-11-01,19.2,0.365846066656,26.5,,256.0,4.33971859637,58.0,5899.0
11,AX,AX,2007-11-01,22.8,0.0,26.5,,0.0,0.0,58.0,5899.0
12,AX,AX,2007-11-01,18.8,0.0,20.5,0.0,0.0,0.0,58.0,5899.0
13,AX,AX,2007-11-01,19.2,0.447938133161,17.5,0.0,0.0,0.0,58.0,5899.0
14,AX,AX,2007-11-01,22.4,0.0,12.5,0.0,0.0,0.0,58.0,5899.0
15,AX,AX,2007-11-01,23.2,0.530274409505,12.5,0.0,0.0,0.0,58.0,5899.0
16,AX,AX,2007-12-01,18.4,0.0,31.5,0.0,0.0,0.0,98.0,24457.0
17,AX,AX,2007-12-01,19.2,0.312202585356,25.5,,1328.0,5.42993825899,98.0,24457.0
18,AX,AX,2008-01-01,18.8,0.0,26.5,,0.0,0.0,84.0,16315.0
19,AX,AX,2008-01-01,22.4,0.334169272159,11.5,,111.0,0.680355501073,84.0,16315.0
20,AX,AX,2008-02-01,18.0,0.0,32.5,0.0,0.0,0.0,68.0,5972.0
21,AX,AX,2008-02-01,18.8,0.273134913882,27.5,,338.0,5.6597454789,68.0,5972.0
22,AX,AX,2008-02-01,18.8,0.272415082906,25.5,0.0,0.0,0.0,68.0,5972.0
23,AX,AX,2008-02-01,23.2,0.0,25.5,,0.0,0.0,68.0,5972.0
24,AX,AX,2008-03-01,19.6,0.0,34.5,0.0,0.0,0.0,49.0,2733.0
25,AX,AX,2008-03-01,18.0,0.0,33.5,0.0,0.0,0.0,49.0,2733.0
26,AX,AX,2008-03-01,18.8,0.339187283748,33.5,0.0,0.0,0.0,49.0,2733.0
27,AX,AX,2008-03-01,23.6,0.542809950415,29.5,0.0,0.0,0.0,49.0,2733.0
28,AX,AX,2008-03-01,18.8,0.313300415186,28.5,,134.0,4.90303695573,49.0,2733.0
29,AX,AX,2008-03-01,23.2,0.0,26.5,0.0,0.0,0.0,49.0,2733.0
30,AX,AX,2008-03-01,22.4,1.06448758692,23.5,,9.0,0.32930845225,49.0,2733.0
31,AX,AX,2008-03-01,23.6,0.0,23.5,,0.0,0.0,49.0,2733.0
32,AX,AX,2008-03-01,23.6,0.707854501838,21.5,0.0,0.0,0.0,49.0,2733.0
33,AX,AX,2008-03-01,23.6,0.663012040643,19.5,0.0,0.0,0.0,49.0,2733.0
34,AX,AX,2008-03-01,24.0,0.0,17.5,0.0,0.0,0.0,49.0,2733.0
35,AX,AX,2008-03-01,22.0,0.0,12.5,,0.0,0.0,49.0,2733.0
36,AX,AX,2008-03-01,22.8,0.0,11.5,0.0,0.0,0.0,49.0,2733.0
37,AX,AX,2008-11-01,18.8,0.335300464502,27.5,,989.0,3.44407299067,102.0,28716.0
38,AX,AX,2008-11-01,23.2,0.43984848028,27.5,0.0,0.0,0.0,102.0,28716.0
39,AX,AX,2008-11-01,18.8,0.232823701799,16.5,,267.0,0.929795236105,102.0,28716.0
40,AX,AX,2008-11-01,22.8,0.0,11.5,,0.0,0.0,102.0,28716.0
41,AX,AX,2008-12-01,19.2,0.0,26.5,,0.0,0.0,100.0,21769.0
42,AX,AX,2008-12-01,22.4,0.0,12.5,,0.0,0.0,100.0,21769.0
43,AX,AX,2008-12-01,23.2,0.413698391696,12.5,,69.0,0.31696449079,100.0,21769.0
44,AX,AX,2009-01-01,19.2,0.314263397021,27.5,,1114.0,5.99537161617,103.0,18581.0
45,AX,AX,2009-02-01,18.4,0.0,34.5,0.0,0.0,0.0,76.0,5957.0
46,AX,AX,2009-02-01,19.2,0.310760724925,28.5,,366.0,6.14403223099,76.0,5957.0
47,AX,AX,2009-02-01,22.8,0.542372609682,28.5,0.0,0.0,0.0,76.0,5957.0
48,AX,AX,2009-02-01,23.2,0.515584346604,25.5,0.0,0.0,0.0,76.0,5957.0
49,AX,AX,2009-02-01,18.4,0.0,22.5,0.0,0.0,0.0,76.0,5957.0
50,AX,AX,2009-02-01,23.2,0.536041484096,21.5,0.0,0.0,0.0,76.0,5957.0
51,AX,AX,2009-02-01,22.8,0.0,19.5,,0.0,0.0,76.0,5957.0
52,AX,AX,2009-03-01,18.0,0.0,37.5,0.0,0.0,0.0,73.0,6085.0
53,AX,AX,2009-03-01,18.8,0.281238629766,28.5,,275.0,4.51930977814,73.0,6085.0
54,AX,AX,2009-03-01,23.2,0.313891685211,27.5,0.0,0.0,0.0,73.0,6085.0
55,AX,AX,2009-03-01,22.8,0.426882683749,13.5,,33.0,0.542317173377,73.0,6085.0
56,AX,AX,2009-11-01,23.2,0.393315149919,28.5,,68.0,0.442910180421,82.0,15353.0
57,AX,AX,2009-11-01,18.8,0.313990277049,27.5,,423.0,2.75516185762,82.0,15353.0
58,AX,AX,2009-11-01,18.8,0.313523705739,24.5,0.0,0.0,0.0,82.0,15353.0
59,AX,AX,2009-11-01,18.8,0.279326779151,17.5,0.0,0.0,0.0,82.0,15353.0
60,AX,AX,2009-11-01,18.4,0.270018497412,15.5,0.0,0.0,0.0,82.0,15353.0
61,AX,AX,2009-11-01,23.2,0.435920297176,12.5,,143.0,0.931414055885,82.0,15353.0
62,AX,AX,2009-12-01,23.2,0.39093730178,29.5,,157.0,0.77006082009,106.0,20388.0
63,AX,AX,2009-12-01,18.8,0.312762628199,27.5,,572.0,2.80557190504,106.0,20388.0
64,AX,AX,2009-12-01,18.8,0.314437957375,18.5,0.0,0.0,0.0,106.0,20388.0
65,AX,AX,2009-12-01,22.8,0.0,12.5,0.0,0.0,0.0,106.0,20388.0
66,AX,AX,2010-01-01,18.4,0.0,32.5,0.0,0.0,0.0,92.0,13726.0
67,AX,AX,2010-01-01,23.2,0.359365263915,30.5,0.0,0.0,0.0,92.0,13726.0
68,AX,AX,2010-01-01,18.8,0.308601107696,27.5,,314.0,2.28762931663,92.0,13726.0
69,AX,AX,2010-01-01,24.4,0.365391111702,19.5,,136.0,0.990820340959,92.0,13726.0
70,AX,AX,2010-01-01,18.4,0.296104436221,17.5,,93.0,0.677546262567,92.0,13726.0
71,AX,AX,2010-01-01,23.2,0.439357101023,13.5,,168.0,1.22395453883,92.0,13726.0
72,AX,AX,2010-02-01,18.8,0.286252858323,28.5,,437.0,3.78486055777,77.0,11546.0
73,AX,AX,2010-02-01,18.4,0.291643463981,17.5,,75.0,0.649575610601,77.0,11546.0
74,AX,AX,2010-02-01,22.8,0.0,12.5,0.0,0.0,0.0,77.0,11546.0
75,AX,AX,2010-03-01,18.4,0.304775432428,34.5,0.0,0.0,0.0,92.0,10100.0
76,AX,AX,2010-03-01,18.8,0.281161215633,28.5,,365.0,3.61386138614,92.0,10100.0
77,AX,AX,2010-03-01,23.2,0.392265485874,27.5,0.0,0.0,0.0,92.0,10100.0
78,AX,AX,2010-03-01,18.4,0.254152382172,19.5,0.0,0.0,0.0,92.0,10100.0
79,AX,AX,2010-03-01,18.4,0.255652496172,17.5,,47.0,0.465346534653,92.0,10100.0
80,AX,AX,2010-03-01,22.8,0.432494195038,13.5,,63.0,0.623762376238,92.0,10100.0
81,AX,AX,2010-11-01,23.6,0.0,34.5,0.0,0.0,0.0,51.0,4824.0
82,AX,AX,2010-11-01,18.4,0.333062094168,33.5,0.0,0.0,0.0,51.0,4824.0
83,AX,AX,2010-11-01,18.8,0.20701374277,26.5,,277.0,5.74212271973,51.0,4824.0
84,AX,AX,2010-11-01,18.8,0.231513396196,22.5,0.0,0.0,0.0,51.0,4824.0
85,AX,AX,2010-11-01,18.4,0.282688021608,20.5,0.0,0.0,0.0,51.0,4824.0
86,AX,AX,2010-11-01,18.4,0.23513605807,18.5,,58.0,1.20232172471,51.0,4824.0
87,AX,AX,2010-11-01,18.4,0.235195620328,15.5,0.0,0.0,0.0,51.0,4824.0
88,AX,AX,2010-11-01,22.8,0.362063696349,14.5,,52.0,1.07794361526,51.0,4824.0
89,AX,AX,2010-11-01,22.8,0.361166951577,12.5,0.0,0.0,0.0,51.0,4824.0
90,AX,AX,2010-12-01,18.4,0.313706982708,33.5,0.0,0.0,0.0,115.0,24612.0
91,AX,AX,2010-12-01,18.4,0.288303056125,28.5,,536.0,2.17779944742,115.0,24612.0
92,AX,AX,2010-12-01,18.4,0.282988946896,17.5,,322.0,1.30830489192,115.0,24612.0
93,AX,AX,2010-12-01,22.8,0.0,14.5,,0.0,0.0,115.0,24612.0
94,AX,AX,2011-01-01,23.6,0.0,29.5,,0.0,0.0,81.0,10742.0
95,AX,AX,2011-01-01,18.8,0.308838824608,28.5,,435.0,4.04952522808,81.0,10742.0
96,AX,AX,2011-01-01,18.4,0.287517032718,22.5,0.0,0.0,0.0,81.0,10742.0
97,AX,AX,2011-01-01,18.4,0.203480057457,17.5,,96.0,0.893688326196,81.0,10742.0
98,AX,AX,2011-01-01,23.2,0.372435701862,13.5,,147.0,1.36846024949,81.0,10742.0
99,AX,AX,2011-02-01,23.2,0.41138869484,30.5,0.0,0.0,0.0,78.0,11931.0
100,AX,AX,2011-02-01,18.4,0.285073787343,29.5,,248.0,2.07861872433,78.0,11931.0
101,AX,AX,2011-02-01,18.4,0.229261944028,17.5,,189.0,1.58410862459,78.0,11931.0
102,AX,AX,2011-02-01,23.2,0.384646478208,14.5,,226.0,1.89422512782,78.0,11931.0
103,AX,AX,2011-03-01,18.4,0.309506540021,32.5,0.0,0.0,0.0,64.0,7515.0
104,AX,AX,2011-03-01,22.8,0.0,30.5,,0.0,0.0,64.0,7515.0
105,AX,AX,2011-03-01,18.4,0.311245889324,29.5,,133.0,1.76979374584,64.0,7515.0
106,AX,AX,2011-03-01,22.8,0.0,28.5,0.0,0.0,0.0,64.0,7515.0
107,AX,AX,2011-03-01,18.0,0.276639656762,17.5,,81.0,1.07784431138,64.0,7515.0
108,AX,AX,2011-03-01,22.8,0.303394319159,13.5,,133.0,1.76979374584,64.0,7515.0
109,AX,AX,2011-11-01,18.4,0.306836638419,34.5,0.0,0.0,0.0,62.0,6614.0
110,AX,AX,2011-11-01,22.8,0.392422301716,33.5,0.0,0.0,0.0,62.0,6614.0
111,AX,AX,2011-11-01,22.8,0.392282320104,31.5,0.0,0.0,0.0,62.0,6614.0
112,AX,AX,2011-11-01,18.0,0.0,28.5,0.0,0.0,0.0,62.0,6614.0
113,AX,AX,2011-11-01,18.4,0.284858273408,18.5,,130.0,1.96552766858,62.0,6614.0
114,AX,AX,2011-11-01,22.8,0.346139790992,14.5,,173.0,2.61566374357,62.0,6614.0
115,AX,AX,2011-12-01,18.8,0.0,27.5,,0.0,0.0,114.0,23873.0
116,AX,AX,2011-12-01,18.4,0.305455826298,17.5,,301.0,1.26083860428,114.0,23873.0
117,AX,AX,2011-12-01,22.8,0.417979105298,14.5,,403.0,1.68809952666,114.0,23873.0
118,AX,AX,2012-01-01,23.2,0.434948826007,31.5,0.0,0.0,0.0,86.0,14071.0
119,AX,AX,2012-01-01,18.4,0.283437008335,27.5,0.0,0.0,0.0,86.0,14071.0
120,AX,AX,2012-01-01,18.4,0.286368085356,17.5,0.0,0.0,0.0,86.0,14071.0
121,AX,AX,2012-01-01,22.4,0.0,14.5,,0.0,0.0,86.0,14071.0
122,AX,AX,2012-02-01,22.8,0.415466876235,33.5,,72.0,0.772035170491,77.0,9326.0
123,AX,AX,2012-02-01,22.8,0.390188860143,31.5,0.0,0.0,0.0,77.0,9326.0
124,AX,AX,2012-02-01,18.4,0.28579364567,28.5,,127.0,1.36178425906,77.0,9326.0
125,AX,AX,2012-02-01,18.4,0.286315789104,24.5,0.0,0.0,0.0,77.0,9326.0
126,AX,AX,2012-02-01,18.4,0.257798168193,19.5,0.0,0.0,0.0,77.0,9326.0
127,AX,AX,2012-02-01,18.4,0.259628387972,17.5,0.0,0.0,0.0,77.0,9326.0
128,AX,AX,2012-02-01,22.8,0.366716780004,14.5,0.0,0.0,0.0,77.0,9326.0
129,AX,AX,2012-03-01,23.2,0.362869715595,37.5,0.0,0.0,0.0,57.0,4855.0
130,AX,AX,2012-03-01,18.4,0.282984504006,33.5,0.0,0.0,0.0,57.0,4855.0
131,AX,AX,2012-03-01,23.2,0.394163186638,33.5,,36.0,0.741503604531,57.0,4855.0
132,AX,AX,2012-03-01,23.6,0.0,30.5,0.0,0.0,0.0,57.0,4855.0
133,AX,AX,2012-03-01,18.4,0.284269785546,29.5,,95.0,1.95674562307,57.0,4855.0
134,AX,AX,2012-03-01,18.4,0.245071513745,18.5,,82.0,1.68898043254,57.0,4855.0
135,AX,AX,2012-03-01,21.2,0.0,15.5,,0.0,0.0,57.0,4855.0
136,AX,AX,2012-03-01,22.8,0.410284402674,15.5,,92.0,1.89495365602,57.0,4855.0
137,AX,AX,2012-11-01,18.4,0.337708525832,33.5,0.0,0.0,0.0,81.0,16600.0
138,AX,AX,2012-11-01,23.2,0.366757113581,33.5,,118.0,0.710843373494,81.0,16600.0
139,AX,AX,2012-11-01,18.4,0.256785528437,18.5,,525.0,3.16265060241,81.0,16600.0
140,AX,AX,2012-11-01,22.8,0.361884393739,15.5,,647.0,3.89759036145,81.0,16600.0
141,AX,AX,2012-12-01,23.2,0.0,34.5,,0.0,0.0,110.0,47058.0
142,AX,AX,2012-12-01,18.4,0.307631645033,18.5,,1089.0,2.3141654979,110.0,47058.0
143,AX,AX,2012-12-01,22.8,0.440440160149,15.5,,1590.0,3.37880912916,110.0,47058.0
144,AX,AX,2013-01-01,18.4,0.341223190815,33.5,,173.0,0.47003205999,138.0,36806.0
145,AX,AX,2013-01-01,23.2,0.436993816485,33.5,,314.0,0.853121773624,138.0,36806.0
146,AX,AX,2013-01-01,18.4,0.311030745776,18.5,,846.0,2.2985382818,138.0,36806.0
147,AX,AX,2013-01-01,22.8,0.0,15.5,,0.0,0.0,138.0,36806.0
148,AX,AX,2013-02-01,18.4,0.339773678756,34.5,0.0,0.0,0.0,114.0,18463.0
149,AX,AX,2013-02-01,22.8,0.0,33.5,,0.0,0.0,114.0,18463.0
150,AX,AX,2013-02-01,18.4,0.259711402105,18.5,,402.0,2.17732762823,114.0,18463.0
151,AX,AX,2013-02-01,22.8,0.363248325734,15.5,,545.0,2.95184964524,114.0,18463.0
152,AX,AX,2013-03-01,18.4,0.364619720806,35.5,0.0,0.0,0.0,108.0,5080.0
153,AX,AX,2013-03-01,20.0,0.0,34.5,0.0,0.0,0.0,108.0,5080.0
154,AX,AX,2013-03-01,22.8,0.0,34.5,,0.0,0.0,108.0,5080.0
155,AX,AX,2013-03-01,18.4,0.363325015727,33.5,,27.0,0.531496062992,108.0,5080.0
156,AX,AX,2013-03-01,21.2,0.0,33.5,0.0,0.0,0.0,108.0,5080.0
157,AX,AX,2013-03-01,18.8,0.0,29.5,0.0,0.0,0.0,108.0,5080.0
158,AX,AX,2013-03-01,18.4,0.304424747591,28.5,0.0,0.0,0.0,108.0,5080.0
159,AX,AX,2013-03-01,18.4,0.288764299183,19.5,,70.0,1.37795275591,108.0,5080.0
160,AX,AX,2013-03-01,20.8,0.0,18.5,0.0,0.0,0.0,108.0,5080.0
161,AX,AX,2013-03-01,20.0,0.0,15.5,0.0,0.0,0.0,108.0,5080.0
162,AX,AX,2013-03-01,22.8,0.445433104587,15.5,,109.0,2.14566929134,108.0,5080.0
163,J63A,CI,2011-11-01,18.8,0.0,39.5,0.0,0.0,0.0,4.0,1869.0
164,J63A,CI,2011-11-01,18.0,0.0,37.5,0.0,0.0,0.0,4.0,1869.0
165,J63A,CI,2011-11-01,18.4,0.422097403482,33.5,0.0,0.0,0.0,4.0,1869.0
166,J63A,CI,2011-11-01,19.2,0.0,33.5,0.0,0.0,0.0,4.0,1869.0
167,J63A,CI,2011-11-01,21.2,0.0,33.5,0.0,0.0,0.0,4.0,1869.0
168,J63A,CI,2011-11-01,20.0,0.0,32.5,,0.0,0.0,4.0,1869.0
169,J63A,CI,2011-11-01,21.6,0.0,31.5,0.0,0.0,0.0,4.0,1869.0
170,J63A,CI,2011-11-01,18.8,0.0,30.5,0.0,0.0,0.0,4.0,1869.0
171,J63A,CI,2011-11-01,20.0,0.0,30.5,0.0,0.0,0.0,4.0,1869.0
172,J63A,CI,2011-11-01,18.0,0.0,29.5,0.0,0.0,0.0,4.0,1869.0
173,J63A,CI,2011-11-01,21.2,0.0,29.5,0.0,0.0,0.0,4.0,1869.0
174,J63A,CI,2011-11-01,19.6,0.0,27.5,0.0,0.0,0.0,4.0,1869.0
175,J63A,CI,2011-11-01,18.4,0.370717984804,26.5,0.0,0.0,0.0,4.0,1869.0
176,J63A,CI,2011-11-01,19.6,0.0,25.5,0.0,0.0,0.0,4.0,1869.0
177,J63A,CI,2011-11-01,20.4,0.0,25.5,0.0,0.0,0.0,4.0,1869.0
178,J63A,CI,2011-11-01,18.4,0.359603036483,24.5,0.0,0.0,0.0,4.0,1869.0
179,J63A,CI,2011-11-01,18.4,0.358801721449,22.5,0.0,0.0,0.0,4.0,1869.0
180,J63A,CI,2011-11-01,18.4,0.36711232433,20.5,0.0,0.0,0.0,4.0,1869.0
181,J63A,CI,2011-11-01,19.2,0.0,18.5,0.0,0.0,0.0,4.0,1869.0
182,J63A,CI,2011-11-01,18.4,0.394243998952,17.5,,34.0,1.81915462814,4.0,1869.0
183,J63A,CI,2011-11-01,18.4,0.420820979297,15.5,0.0,0.0,0.0,4.0,1869.0
184,J63A,CI,2011-11-01,21.2,0.450290071639,15.5,,46.0,2.46120920278,4.0,1869.0
185,J63A,CI,2011-11-01,18.8,0.0,13.5,0.0,0.0,0.0,4.0,1869.0
186,J63A,CI,2011-11-01,20.0,0.0,11.5,0.0,0.0,0.0,4.0,1869.0
187,J63A,CI,2011-12-01,18.4,0.313187931527,31.5,0.0,0.0,0.0,83.0,29364.0
188,J63A,CI,2011-12-01,18.4,0.312306617081,28.5,0.0,0.0,0.0,83.0,29364.0
189,J63A,CI,2011-12-01,18.4,0.387057905318,17.5,,222.0,0.75602778913,83.0,29364.0
190,J63A,CI,2011-12-01,21.2,0.307522710002,14.5,,337.0,1.14766380602,83.0,29364.0
191,J63A,CI,2012-01-01,18.4,0.387378467952,39.5,0.0,0.0,0.0,47.0,8890.0
192,J63A,CI,2012-01-01,18.4,0.335572914843,34.5,0.0,0.0,0.0,47.0,8890.0
193,J63A,CI,2012-01-01,18.4,0.311623358137,28.5,,350.0,3.93700787402,47.0,8890.0
194,J63A,CI,2012-01-01,21.2,0.315288031709,14.5,,39.0,0.438695163105,47.0,8890.0
195,J63A,CI,2012-02-01,18.0,0.313061516153,39.5,0.0,0.0,0.0,40.0,4807.0
196,J63A,CI,2012-02-01,18.0,0.289225975108,32.5,,218.0,4.53505304764,40.0,4807.0
197,J63A,CI,2012-02-01,18.4,0.0,28.5,0.0,0.0,0.0,40.0,4807.0
198,J63A,CI,2012-02-01,18.4,0.303565782592,18.5,,28.0,0.582483877678,40.0,4807.0
199,J63A,CI,2012-02-01,21.2,0.194521467952,15.5,,53.0,1.10255876846,40.0,4807.0
200,J63A,CI,2012-03-01,18.0,0.286018370704,32.5,0.0,0.0,0.0,50.0,4368.0
201,J63A,CI,2012-03-01,18.0,0.287666696402,29.5,0.0,0.0,0.0,50.0,4368.0
202,J63A,CI,2012-03-01,18.4,0.0,20.5,0.0,0.0,0.0,50.0,4368.0
203,J63A,CI,2012-03-01,17.6,0.0,19.5,0.0,0.0,0.0,50.0,4368.0
204,J63A,CI,2012-03-01,20.8,0.284946046498,14.5,,12.0,0.274725274725,50.0,4368.0
205,J23A,CI,2011-11-01,18.0,0.28432866155,31.5,0.0,0.0,0.0,8.0,7016.0
206,J23A,CI,2011-11-01,18.4,0.0,29.5,,0.0,0.0,8.0,7016.0
207,J23A,CI,2011-11-01,21.6,0.0,29.5,,0.0,0.0,8.0,7016.0
208,J23A,CI,2011-11-01,18.0,0.230191255371,16.5,,148.0,2.1094640821,8.0,7016.0
209,J23A,CI,2011-11-01,21.2,0.201668325792,14.5,,225.0,3.20695553022,8.0,7016.0
210,J23A,CI,2011-12-01,18.4,0.342143471839,30.5,0.0,0.0,0.0,87.0,23165.0
211,J23A,CI,2011-12-01,18.8,0.0,27.5,0.0,0.0,0.0,87.0,23165.0
212,J23A,CI,2011-12-01,18.4,0.341403907449,21.5,0.0,0.0,0.0,87.0,23165.0
213,J23A,CI,2011-12-01,18.4,0.316018535292,17.5,,269.0,1.1612346212,87.0,23165.0
214,J23A,CI,2011-12-01,21.2,0.256665577238,14.5,,566.0,2.44334124757,87.0,23165.0
215,J23A,CI,2012-01-01,18.4,0.303808705558,32.5,0.0,0.0,0.0,73.0,14671.0
216,J23A,CI,2012-01-01,18.4,0.284433294123,28.5,,377.0,2.56969531729,73.0,14671.0
217,J23A,CI,2012-01-01,18.4,0.307967940574,17.5,,247.0,1.68359348374,73.0,14671.0
218,J23A,CI,2012-01-01,21.2,0.224609991299,14.5,,517.0,3.52395883035,73.0,14671.0
219,J23A,CI,2012-02-01,18.4,0.25945553793,32.5,0.0,0.0,0.0,46.0,9060.0
220,J23A,CI,2012-02-01,21.2,0.25831615122,31.5,,29.0,0.320088300221,46.0,9060.0
221,J23A,CI,2012-02-01,18.4,0.259548251525,30.5,0.0,0.0,0.0,46.0,9060.0
222,J23A,CI,2012-02-01,18.4,0.278786860271,17.5,,150.0,1.65562913907,46.0,9060.0
223,J23A,CI,2012-02-01,21.2,0.199927036351,15.5,,428.0,4.72406181015,46.0,9060.0
224,J23A,CI,2012-03-01,18.4,0.264321973693,38.5,0.0,0.0,0.0,37.0,5306.0
225,J23A,CI,2012-03-01,18.4,0.22866963215,33.5,0.0,0.0,0.0,37.0,5306.0
226,J23A,CI,2012-03-01,21.2,0.400241174404,32.5,,17.0,0.320392009046,37.0,5306.0
227,J23A,CI,2012-03-01,18.4,0.246520878162,29.5,,127.0,2.39351677346,37.0,5306.0
228,J23A,CI,2012-03-01,18.4,0.235427394016,18.5,,132.0,2.4877497173,37.0,5306.0
229,J23A,CI,2012-03-01,21.2,0.212532352915,15.5,,285.0,5.37127779872,37.0,5306.0
230,J23A,CI,2012-03-01,18.4,0.207886269222,13.5,0.0,0.0,0.0,37.0,5306.0
231,J23A,CI,2012-03-01,21.2,0.194110829378,12.5,0.0,0.0,0.0,37.0,5306.0
232,J06A,CI,2011-11-01,18.4,0.390912201254,39.5,0.0,0.0,0.0,34.0,9781.0
233,J06A,CI,2011-11-01,18.0,0.0,33.5,,0.0,0.0,34.0,9781.0
234,J06A,CI,2011-11-01,18.4,0.393714449952,24.5,0.0,0.0,0.0,34.0,9781.0
235,J06A,CI,2011-11-01,18.4,0.367916037664,18.5,,115.0,1.17574890093,34.0,9781.0
236,J06A,CI,2011-11-01,21.2,0.201607360845,15.5,,328.0,3.35344034352,34.0,9781.0
237,J06A,CI,2011-11-01,21.2,0.199514114249,11.5,0.0,0.0,0.0,34.0,9781.0
238,J06A,CI,2011-12-01,18.0,0.0,32.5,,0.0,0.0,32.0,49137.0
239,J06A,CI,2011-12-01,18.4,0.420583063038,27.5,0.0,0.0,0.0,32.0,49137.0
240,J06A,CI,2011-12-01,21.2,0.0,14.5,,0.0,0.0,32.0,49137.0
241,J06A,CI,2012-01-01,18.4,0.473349004617,32.5,,710.0,1.82336474999,42.0,38939.0
242,J06A,CI,2012-01-01,18.4,0.448102410773,27.5,0.0,0.0,0.0,42.0,38939.0
243,J06A,CI,2012-02-01,18.0,0.367966505067,33.5,,855.0,3.35992454906,75.0,25447.0
244,J06A,CI,2012-02-01,20.8,0.767322612148,15.5,,119.0,0.467638621449,75.0,25447.0
245,J06A,CI,2012-03-01,18.4,0.34369965031,33.5,,573.0,2.5001090798,95.0,22919.0
246,J06A,CI,2012-03-01,18.4,0.41424599231,18.5,,97.0,0.423229634801,95.0,22919.0
247,J06A,CI,2012-03-01,21.2,0.553133972546,15.5,,106.0,0.462498363803,95.0,22919.0
248,G30A,CI,2011-11-01,18.0,0.257978520192,32.5,,241.0,5.50605437514,24.0,4377.0
249,G30A,CI,2011-11-01,20.8,0.0,31.5,0.0,0.0,0.0,24.0,4377.0
250,G30A,CI,2011-11-01,18.4,0.0,25.5,0.0,0.0,0.0,24.0,4377.0
251,G30A,CI,2011-11-01,21.2,0.331977707098,20.5,0.0,0.0,0.0,24.0,4377.0
252,G30A,CI,2011-11-01,18.4,0.285362081291,17.5,,46.0,1.05094813799,24.0,4377.0
253,G30A,CI,2011-11-01,21.2,0.24397061975,14.5,,78.0,1.78204249486,24.0,4377.0
254,G30A,CI,2011-12-01,18.0,0.388514844458,32.5,,596.0,2.83539486204,105.0,21020.0
255,G30A,CI,2011-12-01,18.4,0.421541220451,17.5,,142.0,0.675547098002,105.0,21020.0
256,G30A,CI,2011-12-01,21.2,0.279616381819,14.5,,188.0,0.894386298763,105.0,21020.0
257,G30A,CI,2012-01-01,18.0,0.316106413427,39.5,0.0,0.0,0.0,84.0,31899.0
258,G30A,CI,2012-01-01,18.0,0.314824329022,32.5,,1053.0,3.30104391987,84.0,31899.0
259,G30A,CI,2012-01-01,18.0,0.397164266852,17.5,,189.0,0.592495062541,84.0,31899.0
260,G30A,CI,2012-01-01,21.2,0.203737498111,14.5,,292.0,0.915389197154,84.0,31899.0
261,G30A,CI,2012-02-01,18.0,0.285900363129,33.5,,496.0,4.78302796528,65.0,10370.0
262,G30A,CI,2012-02-01,18.4,0.0,29.5,0.0,0.0,0.0,65.0,10370.0
263,G30A,CI,2012-02-01,18.4,0.287852408218,25.5,0.0,0.0,0.0,65.0,10370.0
264,G30A,CI,2012-02-01,18.4,0.306859708907,20.5,0.0,0.0,0.0,65.0,10370.0
265,G30A,CI,2012-02-01,18.4,0.304650395693,18.5,,47.0,0.453230472517,65.0,10370.0
266,G30A,CI,2012-02-01,20.8,0.255737725744,15.5,,73.0,0.703953712633,65.0,10370.0
267,G30A,CI,2012-03-01,18.4,0.280589767605,39.5,0.0,0.0,0.0,63.0,7446.0
268,G30A,CI,2012-03-01,18.0,0.0,34.5,,0.0,0.0,63.0,7446.0
269,G30A,CI,2012-03-01,18.4,0.351663260811,19.5,,34.0,0.456621004566,63.0,7446.0
270,G30A,CI,2012-03-01,20.8,0.0,15.5,,0.0,0.0,63.0,7446.0
271,G03A,CI,2011-11-01,18.8,0.409762494264,33.5,,172.0,1.81587837838,26.0,9472.0
272,G03A,CI,2011-11-01,18.4,0.0,29.5,0.0,0.0,0.0,26.0,9472.0
273,G03A,CI,2011-11-01,18.4,0.666369277948,18.5,,152.0,1.60472972973,26.0,9472.0
274,G03A,CI,2011-11-01,20.8,0.735555629362,15.5,,315.0,3.32559121622,26.0,9472.0
275,G03A,CI,2011-11-01,21.2,0.0,12.5,0.0,0.0,0.0,26.0,9472.0
276,G03A,CI,2011-12-01,18.4,0.419566365236,33.5,,211.0,1.55961268386,64.0,13529.0
277,G03A,CI,2011-12-01,18.4,0.453699868815,18.5,0.0,0.0,0.0,64.0,13529.0
278,G03A,CI,2011-12-01,20.8,0.412359035269,15.5,,450.0,3.32618818834,64.0,13529.0
279,G03A,CI,2012-01-01,18.4,0.394380415434,33.5,,274.0,1.16190314647,89.0,23582.0
280,G03A,CI,2012-01-01,18.4,0.454495286731,18.5,,369.0,1.56475277754,89.0,23582.0
281,G03A,CI,2012-01-01,20.8,0.422716797571,15.5,,802.0,3.40089899076,89.0,23582.0
282,G03A,CI,2012-02-01,18.4,0.372218510328,33.5,,321.0,1.07624220479,78.0,29826.0
283,G03A,CI,2012-02-01,18.4,0.670063922549,18.5,,403.0,1.35117012003,78.0,29826.0
284,G03A,CI,2012-02-01,21.2,0.534372029896,15.5,,986.0,3.30584054181,78.0,29826.0
285,G03A,CI,2012-03-01,18.4,0.395518482567,33.5,,74.0,0.951156812339,38.0,7780.0
286,G03A,CI,2012-03-01,20.0,0.0,33.5,,0.0,0.0,38.0,7780.0
287,G03A,CI,2012-03-01,21.2,0.0,33.5,,0.0,0.0,38.0,7780.0
288,G03A,CI,2012-03-01,18.0,0.0,29.5,0.0,0.0,0.0,38.0,7780.0
289,G03A,CI,2012-03-01,18.4,0.255449720543,27.5,0.0,0.0,0.0,38.0,7780.0
290,G03A,CI,2012-03-01,18.4,0.310749784205,24.5,0.0,0.0,0.0,38.0,7780.0
291,G03A,CI,2012-03-01,18.4,0.344849120781,18.5,,144.0,1.85089974293,38.0,7780.0
292,G03A,CI,2012-03-01,20.8,0.333732181809,15.5,,373.0,4.79434447301,38.0,7780.0
293,KENE,KECK,2003-11-01,19.6,0.316213042096,24.5,,772.0,10.494834149,52.0,7356.0
294,KENE,KECK,2003-12-01,18.4,0.0,30.5,0.0,0.0,0.0,54.0,6644.0
295,KENE,KECK,2003-12-01,19.6,0.495135733708,30.5,0.0,0.0,0.0,54.0,6644.0
296,KENE,KECK,2003-12-01,18.8,0.0,28.5,0.0,0.0,0.0,54.0,6644.0
297,KENE,KECK,2003-12-01,20.0,0.391805225798,24.5,,388.0,5.83985550873,54.0,6644.0
298,KENE,KECK,2004-01-01,18.0,0.0,30.5,0.0,0.0,0.0,86.0,5010.0
299,KENE,KECK,2004-01-01,19.2,0.0,30.5,0.0,0.0,0.0,86.0,5010.0
300,KENE,KECK,2004-01-01,20.0,0.0,30.5,0.0,0.0,0.0,86.0,5010.0
301,KENE,KECK,2004-01-01,22.0,0.0,30.5,0.0,0.0,0.0,86.0,5010.0
302,KENE,KECK,2004-01-01,19.6,0.392991524458,24.5,,297.0,5.92814371257,86.0,5010.0
303,KENE,KECK,2004-01-01,23.2,0.0,22.5,0.0,0.0,0.0,86.0,5010.0
304,KENE,KECK,2004-01-01,21.2,0.0,20.5,0.0,0.0,0.0,86.0,5010.0
305,KENE,KECK,2004-02-01,18.8,0.0,30.5,0.0,0.0,0.0,90.0,5811.0
306,KENE,KECK,2004-02-01,21.6,0.0,26.5,0.0,0.0,0.0,90.0,5811.0
307,KENE,KECK,2004-02-01,19.6,0.336196677159,25.5,,234.0,4.02684563758,90.0,5811.0
308,KENE,KECK,2004-02-01,22.8,0.0,20.5,,0.0,0.0,90.0,5811.0
309,KENE,KECK,2004-02-01,22.0,0.509878171896,17.5,0.0,0.0,0.0,90.0,5811.0
310,KENE,KECK,2004-03-01,21.6,0.491951825299,39.5,,16.0,1.20572720422,73.0,1327.0
311,KENE,KECK,2004-03-01,22.4,0.0,37.5,0.0,0.0,0.0,73.0,1327.0
312,KENE,KECK,2004-03-01,21.6,0.43148963393,36.5,0.0,0.0,0.0,73.0,1327.0
313,KENE,KECK,2004-03-01,19.6,0.0,35.5,0.0,0.0,0.0,73.0,1327.0
314,KENE,KECK,2004-03-01,22.8,0.0,35.5,0.0,0.0,0.0,73.0,1327.0
315,KENE,KECK,2004-03-01,20.8,0.0,34.5,0.0,0.0,0.0,73.0,1327.0
316,KENE,KECK,2004-03-01,21.6,0.507860012939,33.5,0.0,0.0,0.0,73.0,1327.0
317,KENE,KECK,2004-03-01,20.8,0.0,32.5,0.0,0.0,0.0,73.0,1327.0
318,KENE,KECK,2004-03-01,19.2,0.0,31.5,0.0,0.0,0.0,73.0,1327.0
319,KENE,KECK,2004-03-01,20.0,0.0,31.5,0.0,0.0,0.0,73.0,1327.0
320,KENE,KECK,2004-03-01,21.6,0.713405971678,31.5,0.0,0.0,0.0,73.0,1327.0
321,KENE,KECK,2004-03-01,20.8,0.0,30.5,0.0,0.0,0.0,73.0,1327.0
322,KENE,KECK,2004-03-01,22.4,0.0,30.5,0.0,0.0,0.0,73.0,1327.0
323,KENE,KECK,2004-03-01,20.0,0.743844786028,26.5,,28.0,2.11002260739,73.0,1327.0
324,KENE,KECK,2004-03-01,21.2,0.824779686354,26.5,,15.0,1.13036925396,73.0,1327.0
325,KENE,KECK,2004-03-01,22.0,0.0,26.5,,0.0,0.0,73.0,1327.0
326,KENE,KECK,2004-03-01,21.2,0.824962525958,24.5,0.0,0.0,0.0,73.0,1327.0
327,KENE,KECK,2004-03-01,20.0,0.0,23.5,0.0,0.0,0.0,73.0,1327.0
328,KENE,KECK,2004-03-01,21.6,0.461211461402,20.5,,25.0,1.88394875659,73.0,1327.0
329,KENE,KECK,2004-03-01,22.4,0.0,20.5,,0.0,0.0,73.0,1327.0
330,KENE,KECK,2004-03-01,21.2,0.0,18.5,0.0,0.0,0.0,73.0,1327.0
331,KENE,KECK,2004-03-01,22.4,0.0,17.5,0.0,0.0,0.0,73.0,1327.0
332,KENE,KECK,2004-03-01,21.6,0.434598092347,16.5,0.0,0.0,0.0,73.0,1327.0
333,KENE,KECK,2004-03-01,22.0,0.415112135293,15.5,0.0,0.0,0.0,73.0,1327.0
334,KENE,KECK,2004-03-01,22.4,0.0,13.5,0.0,0.0,0.0,73.0,1327.0
335,KENE,KECK,2004-03-01,22.0,0.429795171279,12.5,0.0,0.0,0.0,73.0,1327.0
336,KENE,KECK,2004-03-01,22.8,0.0,11.5,0.0,0.0,0.0,73.0,1327.0
337,KENE,KECK,2004-03-01,21.6,0.0,10.5,,0.0,0.0,73.0,1327.0
338,KENE,KECK,2004-11-01,18.4,0.0,31.5,0.0,0.0,0.0,39.0,3538.0
339,KENE,KECK,2004-11-01,19.6,0.286813443739,24.5,,381.0,10.7687959299,39.0,3538.0
340,KENE,KECK,2004-11-01,24.0,0.0,20.5,0.0,0.0,0.0,39.0,3538.0
341,KENE,KECK,2004-12-01,18.8,0.0,31.5,0.0,0.0,0.0,31.0,1693.0
342,KENE,KECK,2004-12-01,19.2,0.0,30.5,0.0,0.0,0.0,31.0,1693.0
343,KENE,KECK,2004-12-01,18.4,0.0,29.5,0.0,0.0,0.0,31.0,1693.0
344,KENE,KECK,2004-12-01,20.0,0.34126444076,25.5,,141.0,8.32841110455,31.0,1693.0
345,KENE,KECK,2004-12-01,22.8,0.0,24.5,,0.0,0.0,31.0,1693.0
346,KENE,KECK,2005-01-01,19.6,0.341915294368,31.5,0.0,0.0,0.0,47.0,3560.0
347,KENE,KECK,2005-01-01,18.4,0.0,30.5,0.0,0.0,0.0,47.0,3560.0
348,KENE,KECK,2005-01-01,19.6,0.294414588561,25.5,,362.0,10.1685393258,47.0,3560.0
349,KENE,KECK,2005-02-01,18.4,0.0,32.5,,0.0,0.0,54.0,2213.0
350,KENE,KECK,2005-02-01,19.6,0.386029797405,31.5,0.0,0.0,0.0,54.0,2213.0
351,KENE,KECK,2005-02-01,19.6,0.311381919598,26.5,,156.0,7.04925440578,54.0,2213.0
352,KENE,KECK,2005-02-01,22.8,0.0,23.5,0.0,0.0,0.0,54.0,2213.0
353,KENE,KECK,2005-02-01,19.6,0.291251835913,21.5,0.0,0.0,0.0,54.0,2213.0
354,KENE,KECK,2005-03-01,21.6,0.0,39.5,,0.0,0.0,91.0,1926.0
355,KENE,KECK,2005-03-01,22.8,0.560771869473,39.5,,7.0,0.363447559709,91.0,1926.0
356,KENE,KECK,2005-03-01,21.6,0.0,37.5,0.0,0.0,0.0,91.0,1926.0
357,KENE,KECK,2005-03-01,23.6,0.0,37.5,0.0,0.0,0.0,91.0,1926.0
358,KENE,KECK,2005-03-01,22.8,0.0,36.5,0.0,0.0,0.0,91.0,1926.0
359,KENE,KECK,2005-03-01,18.4,0.0,34.5,,0.0,0.0,91.0,1926.0
360,KENE,KECK,2005-03-01,21.2,0.0,34.5,,0.0,0.0,91.0,1926.0
361,KENE,KECK,2005-03-01,22.0,0.525791167896,34.5,,8.0,0.415368639668,91.0,1926.0
362,KENE,KECK,2005-03-01,22.4,0.54797014152,32.5,0.0,0.0,0.0,91.0,1926.0
363,KENE,KECK,2005-03-01,23.6,0.0,31.5,0.0,0.0,0.0,91.0,1926.0
364,KENE,KECK,2005-03-01,22.0,0.0,30.5,0.0,0.0,0.0,91.0,1926.0
365,KENE,KECK,2005-03-01,22.8,0.0,30.5,,0.0,0.0,91.0,1926.0
366,KENE,KECK,2005-03-01,18.8,0.257435379809,29.5,,101.0,5.2440290758,91.0,1926.0
367,KENE,KECK,2005-03-01,21.2,0.0,29.5,0.0,0.0,0.0,91.0,1926.0
368,KENE,KECK,2005-03-01,21.6,0.0,27.5,0.0,0.0,0.0,91.0,1926.0
369,KENE,KECK,2005-03-01,22.0,0.0,25.5,,0.0,0.0,91.0,1926.0
370,KENE,KECK,2005-03-01,23.2,0.0,25.5,,0.0,0.0,91.0,1926.0
371,KENE,KECK,2005-03-01,21.6,0.0,23.5,0.0,0.0,0.0,91.0,1926.0
372,KENE,KECK,2005-03-01,22.4,0.506845513958,22.5,0.0,0.0,0.0,91.0,1926.0
373,KENE,KECK,2005-03-01,22.8,0.0,20.5,0.0,0.0,0.0,91.0,1926.0
374,KENE,KECK,2005-03-01,21.6,0.0,19.5,,0.0,0.0,91.0,1926.0
375,KENE,KECK,2005-03-01,22.4,0.510854617788,19.5,0.0,0.0,0.0,91.0,1926.0
376,KENE,KECK,2005-03-01,22.4,0.0,16.5,0.0,0.0,0.0,91.0,1926.0
377,KENE,KECK,2005-03-01,21.6,0.0,15.5,0.0,0.0,0.0,91.0,1926.0
378,KENE,KECK,2005-03-01,21.6,0.0,13.5,0.0,0.0,0.0,91.0,1926.0
379,KENE,KECK,2005-03-01,23.2,0.0,13.5,0.0,0.0,0.0,91.0,1926.0
380,KENE,KECK,2005-03-01,22.8,0.560565639559,12.5,0.0,0.0,0.0,91.0,1926.0
381,KENE,KECK,2005-03-01,23.2,0.0,10.5,0.0,0.0,0.0,91.0,1926.0
382,KENE,KECK,2005-11-01,22.0,0.348973597199,39.5,0.0,0.0,0.0,68.0,6431.0
383,KENE,KECK,2005-11-01,22.0,0.358750105647,35.5,0.0,0.0,0.0,68.0,6431.0
384,KENE,KECK,2005-11-01,22.0,0.0,32.5,0.0,0.0,0.0,68.0,6431.0
385,KENE,KECK,2005-11-01,21.6,0.0,28.5,0.0,0.0,0.0,68.0,6431.0
386,KENE,KECK,2005-11-01,19.6,0.0,24.5,,0.0,0.0,68.0,6431.0
387,KENE,KECK,2005-11-01,21.2,0.0,24.5,,0.0,0.0,68.0,6431.0
388,KENE,KECK,2005-11-01,21.6,0.0,19.5,0.0,0.0,0.0,68.0,6431.0
389,KENE,KECK,2005-11-01,22.4,0.0,17.5,0.0,0.0,0.0,68.0,6431.0
390,KENE,KECK,2005-11-01,22.0,0.360025969443,12.5,0.0,0.0,0.0,68.0,6431.0
391,KENE,KECK,2005-11-01,22.0,0.339982144164,10.5,0.0,0.0,0.0,68.0,6431.0
392,KENE,KECK,2005-12-01,22.0,0.361652250425,36.5,0.0,0.0,0.0,99.0,8734.0
393,KENE,KECK,2005-12-01,19.6,0.0,34.5,0.0,0.0,0.0,99.0,8734.0
394,KENE,KECK,2005-12-01,22.0,0.589755669958,30.5,0.0,0.0,0.0,99.0,8734.0
395,KENE,KECK,2005-12-01,21.6,0.0,27.5,0.0,0.0,0.0,99.0,8734.0
396,KENE,KECK,2005-12-01,19.6,0.422499021255,25.5,,329.0,3.76688802381,99.0,8734.0
397,KENE,KECK,2005-12-01,21.6,0.0,25.5,,0.0,0.0,99.0,8734.0
398,KENE,KECK,2005-12-01,22.0,0.476872127947,19.5,,86.0,0.984657659721,99.0,8734.0
399,KENE,KECK,2005-12-01,22.0,0.31207881985,16.5,0.0,0.0,0.0,99.0,8734.0
400,KENE,KECK,2005-12-01,22.0,0.281162956241,10.5,,51.0,0.58392489123,99.0,8734.0
401,KENE,KECK,2006-01-01,22.0,0.365939698978,39.5,0.0,0.0,0.0,109.0,10447.0
402,KENE,KECK,2006-01-01,22.0,0.363306019789,35.5,0.0,0.0,0.0,109.0,10447.0
403,KENE,KECK,2006-01-01,22.0,0.419156218217,32.5,0.0,0.0,0.0,109.0,10447.0
404,KENE,KECK,2006-01-01,22.0,0.646643733558,30.5,0.0,0.0,0.0,109.0,10447.0
405,KENE,KECK,2006-01-01,19.6,0.630863804457,25.5,,288.0,2.75677227912,109.0,10447.0
406,KENE,KECK,2006-01-01,21.2,0.0,22.5,0.0,0.0,0.0,109.0,10447.0
407,KENE,KECK,2006-01-01,22.4,0.0,19.5,,0.0,0.0,109.0,10447.0
408,KENE,KECK,2006-01-01,22.0,0.35919473489,16.5,0.0,0.0,0.0,109.0,10447.0
409,KENE,KECK,2006-01-01,22.4,0.0,11.5,0.0,0.0,0.0,109.0,10447.0
410,KENE,KECK,2006-02-01,22.0,0.69112796666,31.5,0.0,0.0,0.0,82.0,14571.0
411,KENE,KECK,2006-02-01,21.6,0.0,28.5,0.0,0.0,0.0,82.0,14571.0
412,KENE,KECK,2006-02-01,19.6,0.691178681436,26.5,,300.0,2.05888408483,82.0,14571.0
413,KENE,KECK,2006-02-01,22.0,0.696315692986,21.5,0.0,0.0,0.0,82.0,14571.0
414,KENE,KECK,2006-02-01,22.0,0.469797761863,19.5,,134.0,0.919634891222,82.0,14571.0
415,KENE,KECK,2006-02-01,22.4,0.0,17.5,0.0,0.0,0.0,82.0,14571.0
416,KENE,KECK,2006-02-01,22.4,0.0,10.5,,0.0,0.0,82.0,14571.0
417,KENE,KECK,2006-03-01,21.6,0.0,39.5,0.0,0.0,0.0,119.0,15860.0
418,KENE,KECK,2006-03-01,22.0,0.0,35.5,0.0,0.0,0.0,119.0,15860.0
419,KENE,KECK,2006-03-01,21.6,0.521652390906,33.5,0.0,0.0,0.0,119.0,15860.0
420,KENE,KECK,2006-03-01,21.2,0.0,31.5,0.0,0.0,0.0,119.0,15860.0
421,KENE,KECK,2006-03-01,19.6,0.674626294779,27.5,,358.0,2.25725094578,119.0,15860.0
422,KENE,KECK,2006-03-01,20.8,0.0,24.5,0.0,0.0,0.0,119.0,15860.0
423,KENE,KECK,2006-03-01,21.6,0.846590433851,22.5,0.0,0.0,0.0,119.0,15860.0
424,KENE,KECK,2006-03-01,21.6,0.0,19.5,,0.0,0.0,119.0,15860.0
425,KENE,KECK,2006-03-01,21.6,0.0,10.5,,0.0,0.0,119.0,15860.0
426,CZ,CZ,2007-11-01,20.0,0.657275266249,36.5,0.0,0.0,0.0,43.0,1185.0
427,CZ,CZ,2007-11-01,20.0,0.0,32.5,0.0,0.0,0.0,43.0,1185.0
428,CZ,CZ,2007-11-01,21.6,0.0,29.5,0.0,0.0,0.0,43.0,1185.0
429,CZ,CZ,2007-11-01,20.4,0.444179596933,26.5,,49.0,4.13502109705,43.0,1185.0
430,CZ,CZ,2007-11-01,21.2,0.0,25.5,0.0,0.0,0.0,43.0,1185.0
431,CZ,CZ,2007-11-01,22.8,0.0,25.5,,0.0,0.0,43.0,1185.0
432,CZ,CZ,2007-11-01,22.0,0.0,24.5,0.0,0.0,0.0,43.0,1185.0
433,CZ,CZ,2007-11-01,22.8,0.0,23.5,0.0,0.0,0.0,43.0,1185.0
434,CZ,CZ,2007-11-01,22.0,0.0,21.5,0.0,0.0,0.0,43.0,1185.0
435,CZ,CZ,2007-11-01,23.2,0.0,21.5,0.0,0.0,0.0,43.0,1185.0
436,CZ,CZ,2007-11-01,19.6,0.0,20.5,0.0,0.0,0.0,43.0,1185.0
437,CZ,CZ,2007-11-01,20.8,0.0,20.5,0.0,0.0,0.0,43.0,1185.0
438,CZ,CZ,2007-11-01,21.6,0.0,20.5,0.0,0.0,0.0,43.0,1185.0
439,CZ,CZ,2007-11-01,22.0,0.0,19.5,0.0,0.0,0.0,43.0,1185.0
440,CZ,CZ,2007-11-01,22.8,0.403174953435,19.5,0.0,0.0,0.0,43.0,1185.0
441,CZ,CZ,2007-11-01,20.8,0.0,17.5,0.0,0.0,0.0,43.0,1185.0
442,CZ,CZ,2007-11-01,22.8,0.536236417313,17.5,0.0,0.0,0.0,43.0,1185.0
443,CZ,CZ,2007-11-01,23.6,0.0,17.5,0.0,0.0,0.0,43.0,1185.0
444,CZ,CZ,2007-11-01,22.8,0.378130878513,15.5,0.0,0.0,0.0,43.0,1185.0
445,CZ,CZ,2007-11-01,20.8,0.0,11.5,,0.0,0.0,43.0,1185.0
446,CZ,CZ,2007-11-01,22.8,0.354579313178,11.5,,8.0,0.675105485232,43.0,1185.0
447,CZ,CZ,2007-12-01,20.0,0.161845018459,39.5,,2.0,0.323624595469,25.0,618.0
448,CZ,CZ,2007-12-01,19.6,0.0,38.5,0.0,0.0,0.0,25.0,618.0
449,CZ,CZ,2007-12-01,20.8,0.153298175392,37.5,0.0,0.0,0.0,25.0,618.0
450,CZ,CZ,2007-12-01,20.0,0.0,34.5,0.0,0.0,0.0,25.0,618.0
451,CZ,CZ,2007-12-01,20.8,0.404466568002,33.5,0.0,0.0,0.0,25.0,618.0
452,CZ,CZ,2007-12-01,19.2,0.0,32.5,0.0,0.0,0.0,25.0,618.0
453,CZ,CZ,2007-12-01,20.0,0.367027767631,32.5,0.0,0.0,0.0,25.0,618.0
454,CZ,CZ,2007-12-01,21.6,0.0,32.5,0.0,0.0,0.0,25.0,618.0
455,CZ,CZ,2007-12-01,22.8,0.0,32.5,0.0,0.0,0.0,25.0,618.0
456,CZ,CZ,2007-12-01,20.8,0.0,31.5,0.0,0.0,0.0,25.0,618.0
457,CZ,CZ,2007-12-01,21.6,0.0,30.5,0.0,0.0,0.0,25.0,618.0
458,CZ,CZ,2007-12-01,22.4,0.0,27.5,0.0,0.0,0.0,25.0,618.0
459,CZ,CZ,2007-12-01,20.0,0.307769308064,26.5,,26.0,4.2071197411,25.0,618.0
460,CZ,CZ,2007-12-01,22.8,0.355923108253,24.5,0.0,0.0,0.0,25.0,618.0
461,CZ,CZ,2007-12-01,21.6,0.0,23.5,0.0,0.0,0.0,25.0,618.0
462,CZ,CZ,2007-12-01,22.8,0.246239049605,21.5,0.0,0.0,0.0,25.0,618.0
463,CZ,CZ,2007-12-01,20.0,0.0,20.5,0.0,0.0,0.0,25.0,618.0
464,CZ,CZ,2007-12-01,22.0,0.0,20.5,0.0,0.0,0.0,25.0,618.0
465,CZ,CZ,2007-12-01,22.0,0.0,18.5,,0.0,0.0,25.0,618.0
466,CZ,CZ,2007-12-01,22.8,0.387664620891,18.5,,3.0,0.485436893204,25.0,618.0
467,CZ,CZ,2007-12-01,18.8,0.0,17.5,,0.0,0.0,25.0,618.0
468,CZ,CZ,2007-12-01,20.4,0.0,17.5,,0.0,0.0,25.0,618.0
469,CZ,CZ,2007-12-01,21.2,0.0,15.5,0.0,0.0,0.0,25.0,618.0
470,CZ,CZ,2007-12-01,22.8,0.0,15.5,0.0,0.0,0.0,25.0,618.0
471,CZ,CZ,2007-12-01,23.6,0.0,15.5,0.0,0.0,0.0,25.0,618.0
472,CZ,CZ,2007-12-01,20.4,0.0,14.5,0.0,0.0,0.0,25.0,618.0
473,CZ,CZ,2007-12-01,22.4,0.310843965372,12.5,,12.0,1.94174757282,25.0,618.0
474,CZ,CZ,2007-12-01,21.2,0.0,11.5,0.0,0.0,0.0,25.0,618.0
475,CZ,CZ,2008-01-01,20.0,0.341380669227,27.5,,384.0,6.35130664902,115.0,6046.0
476,CZ,CZ,2008-01-01,22.8,0.0,25.5,0.0,0.0,0.0,115.0,6046.0
477,CZ,CZ,2008-01-01,20.0,0.468045738752,17.5,,25.0,0.413496526629,115.0,6046.0
478,CZ,CZ,2008-01-01,22.0,0.0,11.5,,0.0,0.0,115.0,6046.0
479,CZ,CZ,2008-01-01,22.8,0.451405220124,11.5,0.0,0.0,0.0,115.0,6046.0
480,CZ,CZ,2008-02-01,20.0,0.467315713765,37.5,0.0,0.0,0.0,43.0,1272.0
481,CZ,CZ,2008-02-01,20.8,0.0,37.5,0.0,0.0,0.0,43.0,1272.0
482,CZ,CZ,2008-02-01,20.4,0.0,33.5,0.0,0.0,0.0,43.0,1272.0
483,CZ,CZ,2008-02-01,23.2,0.0,29.5,,0.0,0.0,43.0,1272.0
484,CZ,CZ,2008-02-01,20.0,0.311982221401,28.5,,111.0,8.72641509434,43.0,1272.0
485,CZ,CZ,2008-02-01,22.4,0.0,28.5,,0.0,0.0,43.0,1272.0
486,CZ,CZ,2008-02-01,22.4,0.0,25.5,0.0,0.0,0.0,43.0,1272.0
487,CZ,CZ,2008-02-01,20.4,0.0,21.5,0.0,0.0,0.0,43.0,1272.0
488,CZ,CZ,2008-02-01,21.2,0.628669939765,14.5,0.0,0.0,0.0,43.0,1272.0
489,CZ,CZ,2008-03-01,22.8,0.0,34.5,,1.0,5.88235294118,4.0,17.0
490,CZ,CZ,2008-03-01,20.0,0.297576603097,30.5,,3.0,17.6470588235,4.0,17.0
491,CZ,CZ,2008-03-01,20.8,0.0,30.5,,0.0,0.0,4.0,17.0
492,CZ,CZ,2008-03-01,19.6,0.0,28.5,0.0,0.0,0.0,4.0,17.0
493,CZ,CZ,2008-03-01,20.4,0.0,27.5,0.0,0.0,0.0,4.0,17.0
494,CZ,CZ,2008-03-01,22.8,0.0,27.5,,1.0,5.88235294118,4.0,17.0
495,CZ,CZ,2008-03-01,20.0,0.235571411678,26.5,0.0,0.0,0.0,4.0,17.0
496,CZ,CZ,2008-03-01,19.2,0.0,16.5,,1.0,5.88235294118,4.0,17.0
497,CZ,CZ,2008-11-01,19.6,0.531483401497,26.5,,149.0,2.1030345801,84.0,7085.0
498,CZ,CZ,2008-11-01,22.0,0.0,26.5,,0.0,0.0,84.0,7085.0
499,CZ,CZ,2008-11-01,19.6,0.589509826177,17.5,,47.0,0.663373323924,84.0,7085.0
500,CZ,CZ,2008-11-01,23.2,0.648171900159,12.5,,27.0,0.381086803105,84.0,7085.0
501,CZ,CZ,2008-12-01,19.2,0.497523840424,27.5,,862.0,3.42321591676,55.0,25181.0
502,CZ,CZ,2008-12-01,19.6,0.0,17.5,,0.0,0.0,55.0,25181.0
503,CZ,CZ,2008-12-01,22.8,0.0,12.5,,0.0,0.0,55.0,25181.0
504,CZ,CZ,2009-01-01,19.6,0.496016949725,27.5,0.0,0.0,0.0,49.0,21149.0
505,CZ,CZ,2009-01-01,19.6,0.537678909084,17.5,,86.0,0.406638611755,49.0,21149.0
506,CZ,CZ,2009-01-01,22.8,0.0,12.5,,0.0,0.0,49.0,21149.0
507,CZ,CZ,2009-02-01,19.6,0.47752077896,28.5,,1226.0,5.07723526732,44.0,24147.0
508,CZ,CZ,2009-03-01,19.6,0.392068940902,28.5,,1489.0,6.5010478519,82.0,22904.0
509,CZ,CZ,2007-11-01,18.0,0.0,34.5,0.0,0.0,0.0,67.0,6292.0
510,CZ,CZ,2007-11-01,18.8,0.237237704515,26.5,,665.0,10.5689764781,67.0,6292.0
511,CZ,CZ,2007-11-01,18.8,0.268431399175,20.5,0.0,0.0,0.0,67.0,6292.0
512,CZ,CZ,2007-12-01,18.8,0.251305208368,26.5,,798.0,10.1359075321,76.0,7873.0
513,CZ,CZ,2007-12-01,18.8,0.0,17.5,,0.0,0.0,76.0,7873.0
514,CZ,CZ,2008-01-01,18.8,0.257275020568,27.5,,1331.0,9.31355398503,76.0,14291.0
515,CZ,CZ,2008-01-01,18.8,0.30379876914,17.5,0.0,0.0,0.0,76.0,14291.0
516,CZ,CZ,2008-01-01,18.8,0.282848757224,10.5,,38.0,0.265901616402,76.0,14291.0
517,CZ,CZ,2008-02-01,18.8,0.230851669056,27.5,,782.0,9.91882293252,66.0,7884.0
518,CZ,CZ,2008-02-01,18.8,0.229169925679,20.5,0.0,0.0,0.0,66.0,7884.0
519,CZ,CZ,2008-03-01,18.8,0.427204967451,37.5,0.0,0.0,0.0,28.0,2224.0
520,CZ,CZ,2008-03-01,19.2,0.0,35.5,0.0,0.0,0.0,28.0,2224.0
521,CZ,CZ,2008-03-01,18.0,0.0,33.5,0.0,0.0,0.0,28.0,2224.0
522,CZ,CZ,2008-03-01,18.8,0.277201467443,32.5,0.0,0.0,0.0,28.0,2224.0
523,CZ,CZ,2008-03-01,18.8,0.258489430478,28.5,,270.0,12.1402877698,28.0,2224.0
524,CZ,CZ,2008-03-01,19.2,0.0,21.5,0.0,0.0,0.0,28.0,2224.0
525,CZ,CZ,2008-03-01,18.4,0.0,18.5,,0.0,0.0,28.0,2224.0
526,CZ,CZ,2008-03-01,19.2,0.0,18.5,,0.0,0.0,28.0,2224.0
527,CZ,CZ,2008-03-01,20.8,0.0,17.5,0.0,0.0,0.0,28.0,2224.0
528,CZ,CZ,2008-03-01,18.4,0.0,16.5,0.0,0.0,0.0,28.0,2224.0
529,CZ,CZ,2008-03-01,20.8,0.142796323239,12.5,,6.0,0.269784172662,28.0,2224.0
530,CZ,CZ,2008-11-01,18.8,0.282960337704,26.5,,500.0,6.07238280301,85.0,8234.0
531,CZ,CZ,2008-11-01,18.8,0.315179003971,19.5,0.0,0.0,0.0,85.0,8234.0
532,CZ,CZ,2008-11-01,18.8,0.334300067485,17.5,,85.0,1.03230507651,85.0,8234.0
533,CZ,CZ,2008-11-01,21.2,0.0,12.5,0.0,0.0,0.0,85.0,8234.0
534,CZ,CZ,2008-12-01,18.8,0.286570135254,27.5,,1148.0,8.05614035088,91.0,14250.0
535,CZ,CZ,2008-12-01,18.8,0.311570945685,20.5,0.0,0.0,0.0,91.0,14250.0
536,CZ,CZ,2008-12-01,18.8,0.309796752067,17.5,,77.0,0.540350877193,91.0,14250.0
537,CZ,CZ,2009-01-01,18.8,0.277741678537,28.5,,2401.0,7.64454915945,64.0,31408.0
538,CZ,CZ,2009-01-01,18.8,0.307083778247,17.5,,195.0,0.620860927152,64.0,31408.0
539,CZ,CZ,2009-01-01,18.8,0.315594803312,10.5,,77.0,0.24516046867,64.0,31408.0
540,CZ,CZ,2009-02-01,18.4,0.0,34.5,0.0,0.0,0.0,74.0,23464.0
541,CZ,CZ,2009-02-01,18.8,0.283951887536,28.5,,2169.0,9.24394817593,74.0,23464.0
542,CZ,CZ,2009-02-01,18.8,0.359467984132,17.5,,104.0,0.443232185476,74.0,23464.0
543,CZ,CZ,2009-02-01,18.8,0.331966219505,10.5,,58.0,0.247187180361,74.0,23464.0
544,CZ,CZ,2009-03-01,18.8,0.25158830689,33.5,0.0,0.0,0.0,86.0,9769.0
545,CZ,CZ,2009-03-01,18.8,0.249713625109,28.5,,836.0,8.55768246494,86.0,9769.0
546,CZ,CZ,2009-03-01,18.8,0.301999141567,17.5,,35.0,0.358276179752,86.0,9769.0
547,KEMF,ONC,2011-11-01,22.8,0.468566418162,32.5,,115.0,1.9661480595,54.0,5849.0
548,KEMF,ONC,2011-11-01,20.8,0.0,31.5,0.0,0.0,0.0,54.0,5849.0
549,KEMF,ONC,2011-11-01,18.8,0.0,18.5,,0.0,0.0,54.0,5849.0
550,KEMF,ONC,2011-11-01,22.8,0.393485202808,14.5,,121.0,2.06872969738,54.0,5849.0
551,KEMF,ONC,2011-12-01,23.2,0.434793891829,31.5,,222.0,0.972617743702,86.0,22825.0
552,KEMF,ONC,2011-12-01,19.2,0.47915799234,27.5,,198.0,0.867469879518,86.0,22825.0
553,KEMF,ONC,2011-12-01,19.2,0.470596910953,17.5,,236.0,1.03395399781,86.0,22825.0
554,KEMF,ONC,2011-12-01,22.8,0.383686492632,14.5,,562.0,2.46221248631,86.0,22825.0
555,KEMF,ONC,2012-01-01,22.8,0.387917953334,31.5,,143.0,1.21567627306,79.0,11763.0
556,KEMF,ONC,2012-01-01,19.2,0.392388973048,29.5,,130.0,1.10516024824,79.0,11763.0
557,KEMF,ONC,2012-01-01,18.8,0.423783200934,17.5,,142.0,1.20717504038,79.0,11763.0
558,KEMF,ONC,2012-01-01,22.8,0.357040258395,14.5,,365.0,3.10294992774,79.0,11763.0
559,KEMF,ONC,2012-02-01,22.8,0.416909186301,33.5,,46.0,1.51715039578,35.0,3032.0
560,KEMF,ONC,2012-02-01,19.2,0.0,32.5,0.0,0.0,0.0,35.0,3032.0
561,KEMF,ONC,2012-02-01,22.8,0.416189862521,31.5,0.0,0.0,0.0,35.0,3032.0
562,KEMF,ONC,2012-02-01,18.0,0.0,30.5,,0.0,0.0,35.0,3032.0
563,KEMF,ONC,2012-02-01,18.8,0.440685783292,30.5,0.0,0.0,0.0,35.0,3032.0
564,KEMF,ONC,2012-02-01,21.2,0.0,30.5,0.0,0.0,0.0,35.0,3032.0
565,KEMF,ONC,2012-02-01,18.8,0.414487006804,28.5,0.0,0.0,0.0,35.0,3032.0
566,KEMF,ONC,2012-02-01,18.8,0.371556288563,18.5,,55.0,1.81398416887,35.0,3032.0
567,KEMF,ONC,2012-02-01,22.8,0.354591195148,14.5,,105.0,3.46306068602,35.0,3032.0
568,KEMF,ONC,2012-03-01,22.8,0.369465474878,33.5,,70.0,1.94174757282,33.0,3605.0
569,KEMF,ONC,2012-03-01,19.2,0.0,32.5,0.0,0.0,0.0,33.0,3605.0
570,KEMF,ONC,2012-03-01,20.0,0.0,30.5,0.0,0.0,0.0,33.0,3605.0
571,KEMF,ONC,2012-03-01,22.4,0.0,30.5,0.0,0.0,0.0,33.0,3605.0
572,KEMF,ONC,2012-03-01,19.2,0.0,28.5,,0.0,0.0,33.0,3605.0
573,KEMF,ONC,2012-03-01,22.8,0.313154259012,19.5,0.0,0.0,0.0,33.0,3605.0
574,KEMF,ONC,2012-03-01,19.2,0.0,18.5,,0.0,0.0,33.0,3605.0
575,KEMF,ONC,2012-03-01,22.8,0.334685670828,15.5,,183.0,5.07628294036,33.0,3605.0
576,KEMF,ONC,2012-11-01,23.2,0.410895648131,34.5,,371.0,1.13612004287,124.0,32655.0
577,KEMF,ONC,2012-11-01,18.8,0.398284323093,18.5,,559.0,1.71183585975,124.0,32655.0
578,KEMF,ONC,2012-11-01,23.2,0.356591666234,15.5,,1225.0,3.7513397642,124.0,32655.0
579,KEMF,ONC,2012-12-01,23.2,0.413250617217,33.5,,363.0,1.89052653508,98.0,19201.0
580,KEMF,ONC,2012-12-01,18.8,0.424634853881,18.5,,368.0,1.91656684548,98.0,19201.0
581,KEMF,ONC,2012-12-01,22.8,0.38870862907,15.5,,709.0,3.69251601479,98.0,19201.0
582,KEMF,ONC,2013-01-01,22.8,0.0,34.5,,0.0,0.0,160.0,20482.0
583,KEMF,ONC,2013-01-01,18.8,0.396107618473,18.5,,287.0,1.4012303486,160.0,20482.0
584,KEMF,ONC,2013-01-01,22.8,0.334883551152,15.5,,644.0,3.14422419686,160.0,20482.0
585,KEMF,ONC,2013-02-01,18.4,0.0,33.5,,0.0,0.0,149.0,14447.0
586,KEMF,ONC,2013-02-01,19.2,0.0,33.5,,0.0,0.0,149.0,14447.0
587,KEMF,ONC,2013-02-01,22.8,0.0,33.5,,0.0,0.0,149.0,14447.0
588,KEMF,ONC,2013-02-01,18.4,0.42141096899,18.5,,167.0,1.15594933204,149.0,14447.0
589,KEMF,ONC,2013-02-01,22.8,0.356631054183,15.5,,391.0,2.70644424448,149.0,14447.0
590,KEMF,ONC,2013-03-01,18.8,0.473711553563,34.5,,36.0,0.453629032258,94.0,7936.0
591,KEMF,ONC,2013-03-01,22.8,0.388559067541,33.5,,120.0,1.51209677419,94.0,7936.0
592,KEMF,ONC,2013-03-01,18.8,0.476255432828,27.5,,57.0,0.718245967742,94.0,7936.0
593,KEMF,ONC,2013-03-01,18.8,0.346348970479,18.5,,125.0,1.57510080645,94.0,7936.0
594,KEMF,ONC,2013-03-01,22.8,0.303046008107,15.5,,252.0,3.17540322581,94.0,7936.0
